"total","white","black","native","asian","hisp","pct_white","pct_black","pct_native","pct_asian","pct_hisp"
1090.06888230665,531.72651022415,407.671372749484,54.4278161760487,34.6294248995909,40.2259554993287,48.779166055909,37.3986799702812,4.99306209538579,3.17681070083508,3.69022143024653
