"total","white","black","native","asian","hisp","pct_white","pct_black","pct_native","pct_asian","pct_hisp"
64.3615773338533,55.6345837970596,3.40898185031003,0,2.31810765821082,1.22723346611161,86.4406779661017,5.29661016949153,0,3.60169491525424,1.90677966101695
