"total","white","black","native","asian","hisp","pct_white","pct_black","pct_native","pct_asian","pct_hisp"
209.422627431536,159.78224591897,16.3896893001286,1.73258499773374,21.0751758825271,4.22710606452058,76.2965529936376,7.82613106383966,0.82731508957892,10.0634664653976,2.01845718218892
