"total","white","black","native","asian","hisp","pct_white","pct_black","pct_native","pct_asian","pct_hisp"
1502.93056792468,1113.6529146041,178.421768886731,27.9856669269168,109.38685836627,54.0360754221909,74.0987600073826,11.8715909233987,1.86207317384999,7.27823764455845,3.59538068992812
