"total","white","black","native","asian","hisp","pct_white","pct_black","pct_native","pct_asian","pct_hisp"
15.2160724012694,13.1528761434702,0.805936038202829,0,0.548036505977924,0.290136973753018,86.4406779661017,5.29661016949153,0,3.60169491525424,1.90677966101695
