"total","white","black","native","asian","hisp","pct_white","pct_black","pct_native","pct_asian","pct_hisp"
1618.99853724352,1050.68489057457,258.833274580027,91.7513149608792,57.9193127654288,56.1779282994247,64.8972106153631,15.9872457340642,5.66716478429274,3.5774777699331,3.4699184098753
