"total","white","black","native","asian","hisp","pct_white","pct_black","pct_native","pct_asian","pct_hisp"
1667.0913668422,996.684590592592,533.781298826349,43.5503993144132,34.5511227074429,49.1134161673375,59.7858408013059,32.0187189162545,2.61235827745339,2.07253923777972,2.94605425618441
