"total","white","black","native","asian","hisp","pct_white","pct_black","pct_native","pct_asian","pct_hisp"
872.433628978235,762.070785505729,60.5834123904664,14.036908392563,16.9291563383117,13.7190351591715,87.3500012142174,6.94418582436117,1.60893710722757,1.94045206145235,1.57250187332173
