"total","white","black","native","asian","hisp","pct_white","pct_black","pct_native","pct_asian","pct_hisp"
748.869363197699,677.606274776653,38.8844155072889,11.5624550262305,5.20177288421217,8.74309785283689,90.4839092205949,5.19241638371359,1.54398825675795,0.694616863747826,1.16750641467072
