"total","white","black","native","asian","hisp","pct_white","pct_black","pct_native","pct_asian","pct_hisp"
3949.48819079315,958.707450965047,1610.63912262797,74.3881709970989,847.076734736205,230.441141583656,24.2742199660184,40.7809580588849,1.883488882699,21.4477596542982,5.83470896610981
