"total","white","black","native","asian","hisp","pct_white","pct_black","pct_native","pct_asian","pct_hisp"
2182.90779709757,877.549211673102,718.319762203939,203.812310360748,130.474677926505,195.370253961912,40.2009289095905,32.9065553368323,9.33673472749239,5.97710439717089,8.95000028043694
