"total","white","black","native","asian","hisp","pct_white","pct_black","pct_native","pct_asian","pct_hisp"
1612.04133551866,886.772914396151,558.6209581151,60.8691185809698,45.8001984032987,46.3384647152558,55.0093161296536,34.6530170043914,3.77590308882406,2.8411305215423,2.87452087575327
